review_id,review,compound score,sentiment
The_Thing_0,entertaining horror,0.7096,positive
The_Thing_0,clever,0.4588,positive
The_Thing_0,no introduction,-0.296,negative
The_Thing_0,crazy,-0.34,negative
The_Thing_0,escape,0.1779,positive
The_Thing_0,natural prison,-0.2023,negative
The_Thing_0,vital link,0.296,positive
The_Thing_0,Rob Bottin,-0.5574,negative
The_Thing_0,an excellent job,0.5719,positive
The_Thing_0,a startlingly frightening,0.4019,positive
The_Thing_0,realistic mess,-0.3612,negative
The_Thing_0,fear,0.4588,positive
The_Thing_0,superb,0.6249,positive
The_Thing_0,a Razzie Award,0.5423,positive
The_Thing_0,a much kinder,0.4939,positive
The_Thing_0,the other hand,0.4939,positive
The_Thing_0,amazing,0.5859,positive
The_Thing_0,Assault,-0.5859,negative
The_Thing_0,the magnificent,0.5994,positive
The_Thing_0,the disappointing,-0.4939,negative
The_Thing_0,Escape,0.1779,positive
The_Thing_0,favorite,0.4588,positive
The_Thing_0,horror,0.4588,positive
The_Thing_0,a daring,0.3612,positive
The_Thing_0,relief,0.4767,positive
The_Thing_0,the same old horror,0.4588,positive
The_Thing_1,entertaining horror,0.7096,positive
The_Thing_1,clever,0.4588,positive
The_Thing_1,personal favorite,0.4588,positive
The_Thing_1,horror,0.4588,positive
The_Thing_1,an isolated base,-0.3182,negative
The_Thing_1,the original version,0.3182,positive
The_Thing_1,a brilliant paranoia,0.4215,positive
The_Thing_1,no one,-0.296,negative
The_Thing_1,the strength,0.4939,positive
The_Thing_1,security,0.34,positive
The_Thing_1,spite,-0.5267,negative
The_Thing_1,supreme,0.5574,positive
The_Thing_1,Death,-0.5994,negative
The_Thing_1,Escape From New York,0.1779,positive
The_Thing_1,Escape From L.A.,0.1779,positive
The_Thing_1,a truly,0.4404,positive
The_Thing_1,masterpiece,0.6249,positive
The_Thing_1,Horror,0.4588,positive
The_Thing_1,nice,0.4215,positive
The_Thing_1,WOW,0.5859,positive
The_Thing_1,no parallel,-0.296,negative
The_Thing_1,friend,0.4939,positive
The_Thing_1,a treat,0.4019,positive
The_Thing_1,Trust,0.5106,positive
The_Thing_1,a tough thing,-0.128,negative
The_Thing_1,horror,0.4588,positive
The_Thing_1,a fine,0.2023,positive
The_Thing_1,horror,0.4588,positive
The_Thing_1,true terror,-0.1531,negative
The_Thing_1,Granted,0.25,positive
The_Thing_1,winning,0.5267,positive
The_Thing_1,horror,0.4588,positive
The_Thing_1,Escape,0.1779,positive
The_Thing_1,outstanding performance,0.6124,positive
The_Thing_1,havoc,-0.5994,negative
The_Thing_1,favorite,0.4588,positive
The_Thing_1,death,-0.5994,negative
The_Thing_1,horror,0.4588,positive
The_Thing_1,favorite,0.4588,positive
The_Thing_1,Ass Seal Of Approval,-0.1027,negative
The_Thing_2,the utmost respect,0.4767,positive
The_Thing_2,the paranoiac,-0.3182,negative
The_Thing_2,success,0.5719,positive
The_Thing_2,the unbearable tension,-0.3182,negative
The_Thing_2,a fearful hold,-0.4939,negative
The_Thing_2,an horrific scene,0.6124,positive
The_Thing_2,the perfect fusion,0.5719,positive
The_Thing_2,horror,0.4588,positive
The_Thing_2,a wonderful eerie,0.296,positive
The_Thing_2,doom,-0.4019,negative
The_Thing_2,paranoia,-0.25,negative
The_Thing_2,a solid assembly,0.1531,positive
The_Thing_2,glory,0.5423,positive
The_Thing_3,terror,-0.5267,negative
The_Thing_3,horror,0.4588,positive
The_Thing_3,great creature,0.6249,positive
The_Thing_3,The paranoia,-0.25,negative
The_Thing_3,distrust,-0.4215,negative
The_Thing_3,desperation,-0.4588,negative
The_Thing_3,suspicion,-0.3818,negative
The_Thing_3,unease,-0.4019,negative
The_Thing_3,the excellent,0.5719,positive
The_Thing_3,every feeling,0.128,positive
The_Thing_3,terror,-0.5267,negative
The_Thing_3,no doubt,-0.5719,negative
The_Thing_3,a fantastic director,0.5574,positive
The_Thing_3,greatest skill,0.6369,positive
The_Thing_3,the tension,-0.3182,negative
The_Thing_3,horror,0.4588,positive
The_Thing_3,interest,0.4588,positive
The_Thing_3,horror,0.4588,positive
The_Thing_3,a keen interest,0.6705,positive
The_Thing_4,a chance,0.25,positive
The_Thing_4,super human monster,0.5994,positive
The_Thing_4,eerie score,-0.3612,negative
The_Thing_4,STRONG,0.5106,positive
The_Thing_4,Rob Bottin,-0.5574,negative
The_Thing_4,the tension,-0.3182,negative
The_Thing_4,complaint,-0.296,negative
The_Thing_4,no one,-0.296,negative
The_Thing_4,commercial disaster,-0.6249,negative
The_Thing_4,An amusing note,0.3818,positive
The_Thing_5,the crap,-0.3818,negative
The_Thing_5,horror,0.4588,positive
The_Thing_5,obsession,-0.34,negative
The_Thing_5,a GREAT,0.6249,positive
The_Thing_5,an isolated base,-0.3182,negative
The_Thing_5,the original version,0.3182,positive
The_Thing_5,a brilliant paranoia,0.4215,positive
The_Thing_5,no one,-0.296,negative
The_Thing_5,the strength,0.4939,positive
The_Thing_5,security,0.34,positive
The_Thing_5,spite,-0.5267,negative
The_Thing_5,supreme,0.5574,positive
The_Thing_5,the animal lover,0.5859,positive
The_Thing_5,paranoia,-0.25,negative
The_Thing_5,the original version,0.3182,positive
The_Thing_5,the real threat,-0.5267,negative
The_Thing_5,hiding,-0.296,negative
The_Thing_5,any lover,0.5859,positive
The_Thing_5,the horror,0.4588,positive
The_Thing_6,mad,-0.4939,negative
The_Thing_6,the tense,-0.34,negative
The_Thing_6,paranoid mood,-0.25,negative
The_Thing_6,Helpless,-0.4588,negative
The_Thing_6,a Razzie Award,0.5423,positive
The_Thing_6,Well,0.2732,positive
The_Thing_6,Rob Bottin,-0.5574,negative
The_Thing_6,a great job,0.6249,positive
The_Thing_6,witch,-0.3612,negative
The_Thing_6,favorite,0.4588,positive
The_Thing_7,extra terrestrial adventure,0.3182,positive
The_Thing_7,a sweet alien,0.4588,positive
The_Thing_7,great movie,0.6249,positive
The_Thing_7,a remarkable afterlife,0.5574,positive
The_Thing_7,faithful adaptation,0.4404,positive
The_Thing_7,a brilliant sparring,0.5859,positive
The_Thing_7,doomsday,-0.5859,negative
The_Thing_7,moody,-0.3612,negative
The_Thing_7,A satisfying example,0.4588,positive
The_Thing_7,darkness,-0.25,negative
The_Thing_7,The careful preparation,0.1531,positive
The_Thing_7,Horror,0.4588,positive
The_Thing_7,Rob Bottin,-0.5574,negative
The_Thing_7,An argument,-0.3612,negative
The_Thing_7,tension,-0.3182,negative
The_Thing_7,an isolated outpost,-0.3182,negative
The_Thing_7,masterpiece,0.6249,positive
The_Thing_7,Horror Takes Shape,0.4588,positive
The_Thing_7,a fine,0.2023,positive
The_Thing_7,a horror,0.4588,positive
The_Thing_7,perfection,0.5719,positive
The_Thing_8,Great,0.6249,positive
The_Thing_8,horror,0.4588,positive
The_Thing_8,thriller,0.1027,positive
The_Thing_8,a few comedy,0.3612,positive
The_Thing_8,an adventure,0.3182,positive
The_Thing_9,horror,0.4588,positive
The_Thing_9,the inferior remakes,-0.4019,negative
The_Thing_9,doubt,-0.3612,negative
The_Thing_9,sci-fi horror,0.4588,positive
The_Thing_9,God,0.2732,positive
The_Thing_9,dread,-0.4588,negative
The_Thing_9,isolation,-0.4019,negative
The_Thing_9,dear life,0.3818,positive
The_Thing_9,slimy bloody,-0.4404,negative
The_Thing_9,progress,0.4215,positive
The_Thing_9,the fine,0.2023,positive
The_Thing_9,horror,0.4588,positive
The_Thing_9,a great genre,0.6249,positive
The_Thing_10,horror,0.4588,positive
The_Thing_10,moody,-0.3612,negative
The_Thing_10,wonderful btw,0.5719,positive
The_Thing_10,a paranoia,-0.25,negative
The_Thing_10,A truly,0.4404,positive
The_Thing_10,wonderful film,0.5719,positive
The_Thing_10,all horror,0.4588,positive
The_Thing_10,good taste,0.4404,positive
The_Thing_11,the success,0.5719,positive
The_Thing_11,the original story,0.3182,positive
The_Thing_11,menace,-0.4939,negative
The_Thing_11,some Lovecraftian terror,-0.5267,negative
The_Thing_11,tension,-0.3182,negative
The_Thing_11,paranoia,-0.25,negative
The_Thing_11,a poor little doggie,-0.4767,negative
The_Thing_11,the excellent,0.5719,positive
The_Thing_11,a super,0.5994,positive
The_Thing_12,welcome change,0.4588,positive
The_Thing_12,no point,-0.296,negative
The_Thing_12,a good actor,0.4404,positive
The_Thing_12,creating,0.296,positive
The_Thing_12,Escape From New York,0.1779,positive
The_Thing_13,warm,0.2263,positive
The_Thing_13,an optimistic tale,0.3182,positive
The_Thing_13,a much cuter,0.5106,positive
The_Thing_13,prospect,0.296,positive
The_Thing_13,a substantial cult,0.2023,positive
The_Thing_13,a superior remake,0.5423,positive
The_Thing_13,the perfect,0.5719,positive
The_Thing_13,isolation,-0.4019,negative
The_Thing_13,the uncertainty,-0.34,negative
The_Thing_13,fear,0.4588,positive
The_Thing_13,the success,0.5719,positive
The_Thing_13,Escape From New York,0.1779,positive
The_Thing_13,The trouble,-0.4019,negative
The_Thing_13,Capable,0.3818,positive
The_Thing_13,paranoia,-0.25,negative
The_Thing_13,suspicion,-0.3818,negative
The_Thing_13,the top,0.2023,positive
The_Thing_13,the cool,0.3182,positive
The_Thing_13,Assault,-0.5859,negative
The_Thing_13,the tension,-0.3182,negative
The_Thing_13,an agonising,-0.3612,negative
The_Thing_13,visceral horror,0.4588,positive
The_Thing_13,Rob Bottin,-0.5574,negative
The_Thing_13,fame,0.4404,positive
The_Thing_13,a horror,0.4588,positive
The_Thing_13,fire,-0.34,negative
The_Thing_13,advantage,0.25,positive
The_Thing_13,A special mention,0.4019,positive
The_Thing_13,the excellent,0.5719,positive
The_Thing_13,an eerie,-0.3612,negative
The_Thing_13,feeling,0.128,positive
The_Thing_13,shake,-0.1779,negative
The_Thing_13,a wonderful exercise,0.5719,positive
The_Thing_13,paranoid manipulation,-0.4939,negative
The_Thing_13,the vague,-0.1027,negative
The_Thing_13,suspicion,-0.3818,negative
The_Thing_14,the paranoia,-0.25,negative
The_Thing_14,dreams,0.4019,positive
The_Thing_14,favorite,0.4588,positive
The_Thing_15,a brilliant remake,0.5859,positive
The_Thing_15,a brilliant film,0.5859,positive
The_Thing_15,horror,0.4588,positive
The_Thing_15,haunting score,-0.2732,negative
The_Thing_15,compelling story,0.2263,positive
The_Thing_15,wonderful direction,0.5719,positive
The_Thing_15,a brilliant film,0.5859,positive
The_Thing_16,the recession,-0.4215,negative
The_Thing_16,Well,0.2732,positive
The_Thing_16,God,0.2732,positive
The_Thing_16,Darkness,-0.25,negative
The_Thing_16,Madness,-0.4404,negative
The_Thing_16,supernatural horror,0.4588,positive
The_Thing_16,Yeah,0.296,positive
The_Thing_16,Big Trouble,-0.4019,negative
The_Thing_16,A lifelong fan,0.3182,positive
The_Thing_16,the original story,0.3182,positive
The_Thing_16,a vision,0.25,positive
The_Thing_16,Sure,0.3182,positive
The_Thing_16,the Rob Bottin-lef,-0.5574,negative
The_Thing_16,exhaustion,-0.3612,negative
The_Thing_16,exhaustion,-0.3612,negative
The_Thing_16,shame,-0.4767,negative
The_Thing_16,Well,0.2732,positive
The_Thing_16,the last battle,-0.3818,negative
The_Thing_16,a terrific,0.4767,positive
The_Thing_16,a fan,0.3182,positive
The_Thing_16,The Hateful Eight,-0.4939,negative
The_Thing_16,Best Original Score Oscar,0.7579,positive
The_Thing_17,An isolation,-0.4019,negative
The_Thing_17,the United,0.4215,positive
The_Thing_17,special effect,0.4019,positive
The_Thing_17,No room,-0.296,negative
The_Thing_17,sentimentality,0.296,positive
The_Thing_17,an incredible masterpiece,0.6249,positive
The_Thing_17,all horror,0.4588,positive
The_Thing_17,the tension,-0.3182,negative
The_Thing_17,any horror,0.4588,positive
The_Thing_18,Great,0.6249,positive
The_Thing_18,great ending,0.6249,positive
The_Thing_18,Superb,0.6249,positive
The_Thing_19,WOW,0.5859,positive
The_Thing_19,a masterpiece,0.6249,positive
The_Thing_19,a fan,0.3182,positive
The_Thing_19,a paranoia,-0.25,negative
The_Thing_19,capable,0.3818,positive
The_Thing_19,a truly,0.4404,positive
The_Thing_19,sinister,-0.5994,negative
The_Thing_19,truly,0.4404,positive
The_Thing_19,unimaginable horror,0.4588,positive
The_Thing_19,paranoia,-0.25,negative
The_Thing_19,emotional meltdown,0.1531,positive
The_Thing_19,a truly,0.4404,positive
The_Thing_19,horrifying,0.6124,positive
The_Thing_19,creation,0.2732,positive
The_Thing_19,any good horror/sci,0.4404,positive
The_Thing_19,a true masterpiece,0.7845,positive
The_Thing_19,horror,0.4588,positive
The_Thing_19,truly meant,0.4404,positive
The_Thing_19,Marvel,0.4215,positive
The_Thing_19,the excellent,0.5719,positive
The_Thing_19,gag reflex,-0.34,negative
The_Thing_19,great,0.6249,positive
The_Thing_20,the lonely figure,-0.3612,negative
The_Thing_20,a perfect,0.5719,positive
The_Thing_20,horror,0.4588,positive
The_Thing_20,another masterpiece,0.6249,positive
The_Thing_20,horror,0.4588,positive
The_Thing_20,an isolated setting,-0.3182,negative
The_Thing_20,no help,0.128,positive
The_Thing_20,an attack,-0.4767,negative
The_Thing_20,brutality,-0.6124,negative
The_Thing_20,a tense,-0.34,negative
The_Thing_20,hide,-0.1779,negative
The_Thing_20,the pressure,-0.296,negative
The_Thing_20,soul-chilling terror,-0.5267,negative
The_Thing_20,Rob Bottin,-0.5574,negative
The_Thing_20,a perfect note,0.5719,positive
The_Thing_20,a horror,0.4588,positive
The_Thing_20,the other hand,0.4939,positive
The_Thing_20,every fan,0.3182,positive
The_Thing_20,horror,0.4588,positive
The_Thing_20,frightening,0.4588,positive
The_Thing_21,Another well-loved horror,0.4588,positive
The_Thing_21,masterpiece,0.6249,positive
The_Thing_21,paranoia,-0.25,negative
The_Thing_21,isolation,-0.4019,negative
The_Thing_21,haunting,-0.2732,negative
The_Thing_21,eerie music,-0.3612,negative
The_Thing_21,highlight,0.34,positive
The_Thing_21,the awesome,0.6249,positive
The_Thing_21,Rob Bottin,-0.5574,negative
The_Thing_21,shock,-0.3818,negative
The_Thing_21,thrill,0.3612,positive
The_Thing_21,An impressive feat,0.5106,positive
The_Thing_21,Another highlight,0.34,positive
The_Thing_21,the great cast,0.6249,positive
The_Thing_21,moody,-0.3612,negative
The_Thing_22,the threat,-0.5267,negative
The_Thing_22,a strange,-0.2023,negative
The_Thing_22,A horror,0.4588,positive
The_Thing_22,horror legend,0.4588,positive
The_Thing_22,the tension,-0.3182,negative
The_Thing_22,good effect,0.4404,positive
The_Thing_22,Excellent,0.5719,positive
The_Thing_22,liking,0.4019,positive
The_Thing_22,neat,0.4588,positive
The_Thing_22,hero,0.5574,positive
The_Thing_23,share,0.296,positive
The_Thing_23,good taste,0.4404,positive
The_Thing_23,a favor,0.4019,positive
The_Thing_23,horror,0.4588,positive
The_Thing_23,masterpiece,0.6249,positive
The_Thing_23,horror,0.4588,positive
The_Thing_23,a horror film,0.4588,positive
The_Thing_23,stunning,0.3818,positive
The_Thing_23,good either,0.4404,positive
The_Thing_23,gaining,0.4215,positive
The_Thing_23,appreciation,0.5106,positive
The_Thing_23,a good reason,0.4404,positive
The_Thing_23,perfect,0.5719,positive
The_Thing_23,death,-0.5994,negative
The_Thing_23,the haunting,-0.2732,negative
The_Thing_23,isolation,-0.4019,negative
The_Thing_23,doom,-0.4019,negative
The_Thing_23,the gloomy score,-0.1531,negative
The_Thing_23,admit,0.2023,positive
The_Thing_23,perfect material,0.5719,positive
The_Thing_23,shame,-0.4767,negative
The_Thing_23,isolation,-0.4019,negative
The_Thing_23,the ability,0.3182,positive
The_Thing_23,the fear,0.4588,positive
The_Thing_23,help,0.4019,positive
The_Thing_23,original premise,0.3182,positive
The_Thing_23,an excellent job,0.5719,positive
The_Thing_23,a terrific,0.4767,positive
The_Thing_23,Rob Bottin,-0.5574,negative
The_Thing_23,a horror,0.4588,positive
The_Thing_23,scary scene,0.25,positive
The_Thing_23,Special mention,0.4019,positive
The_Thing_23,haunting,-0.2732,negative
The_Thing_23,effective underscore,0.4767,positive
The_Thing_23,the paranoia,-0.25,negative
The_Thing_24,vague screenplay,-0.1027,negative
The_Thing_24,brilliant puppetry,0.5859,positive
The_Thing_24,Rob Bartin,-0.5574,negative
The_Thing_24,the harsh,-0.4404,negative
The_Thing_24,trust,0.5106,positive
The_Thing_24,talent,0.4215,positive
The_Thing_24,the chance,0.25,positive
The_Thing_24,fire per,-0.34,negative
The_Thing_24,a fine,0.2023,positive
The_Thing_24,good role,0.4404,positive
The_Thing_24,excellent,0.5719,positive
The_Thing_24,the likes,0.4215,positive
The_Thing_24,curious music,0.3182,positive
The_Thing_24,merit,0.4215,positive
The_Thing_24,horror,0.4588,positive
A_Quiet_Place_0,blind,-0.4019,negative
A_Quiet_Place_0,fire,-0.34,negative
A_Quiet_Place_0,an interesting concept,0.4019,positive
A_Quiet_Place_1,smart,0.4019,positive
A_Quiet_Place_1,entertaining,0.4404,positive
A_Quiet_Place_1,novel,0.3182,positive
A_Quiet_Place_1,Beautiful cinematography,0.5994,positive
A_Quiet_Place_1,excellent,0.5719,positive
A_Quiet_Place_1,Nice,0.4215,positive
A_Quiet_Place_1,excellent,0.5719,positive
A_Quiet_Place_1,cinematic thriller,0.1027,positive
A_Quiet_Place_1,excellent tension,0.34,positive
A_Quiet_Place_1,that great photography,0.6249,positive
A_Quiet_Place_1,good acting,0.4404,positive
A_Quiet_Place_1,an amazing cinematic experience,0.5859,positive
A_Quiet_Place_1,a thrilling,0.4767,positive
A_Quiet_Place_1,the fun,0.5106,positive
A_Quiet_Place_2,good idea,0.4404,positive
A_Quiet_Place_2,a pretty,0.4939,positive
A_Quiet_Place_2,each other safe,0.4404,positive
A_Quiet_Place_2,great use,0.6249,positive
A_Quiet_Place_2,artificial conflict,-0.3182,negative
A_Quiet_Place_2,emotional arc,0.1531,positive
A_Quiet_Place_2,ability,0.3182,positive
A_Quiet_Place_2,thrill,0.3612,positive
A_Quiet_Place_2,any other natural place,0.3612,positive
A_Quiet_Place_2,wise,0.4767,positive
A_Quiet_Place_2,a tough sell,-0.128,negative
A_Quiet_Place_2,glaring problem,-0.4019,negative
A_Quiet_Place_3,Well,0.2732,positive
A_Quiet_Place_3,a great movie,0.6249,positive
A_Quiet_Place_3,Yeah,0.296,positive
A_Quiet_Place_3,Sure,0.3182,positive
A_Quiet_Place_3,an outstanding movie,0.6124,positive
A_Quiet_Place_3,Well,0.2732,positive
A_Quiet_Place_3,Yeah,0.296,positive
A_Quiet_Place_3,a miss,-0.1531,negative
A_Quiet_Place_3,no one,-0.296,negative
A_Quiet_Place_3,this kind,0.5267,positive
A_Quiet_Place_3,scream,-0.4019,negative
A_Quiet_Place_3,no one,-0.296,negative
A_Quiet_Place_3,Ugh,-0.4215,negative
A_Quiet_Place_3,good entertainment,0.6908,positive
A_Quiet_Place_3,Well,0.2732,positive
A_Quiet_Place_3,an overall imposing,-0.1027,negative
A_Quiet_Place_3,terrifying,-0.5719,negative
A_Quiet_Place_3,favor,0.4019,positive
A_Quiet_Place_4,an interesting concept,0.4019,positive
A_Quiet_Place_4,a screaming,-0.3818,negative
A_Quiet_Place_4,No way,-0.296,negative
A_Quiet_Place_4,no dialogue,-0.296,negative
A_Quiet_Place_4,No way,-0.296,negative
A_Quiet_Place_4,any hope,0.4404,positive
A_Quiet_Place_4,a diologue free movie,0.5106,positive
A_Quiet_Place_4,drop,-0.2732,negative
A_Quiet_Place_5,horror,0.4588,positive
A_Quiet_Place_5,fan,0.3182,positive
A_Quiet_Place_5,horror,0.4588,positive
A_Quiet_Place_5,a good idea,0.4404,positive
A_Quiet_Place_5,a noisy toy,-0.1779,negative
A_Quiet_Place_5,a dangerous world,-0.4767,negative
A_Quiet_Place_6,original premise,0.3182,positive
A_Quiet_Place_6,good production,0.4404,positive
A_Quiet_Place_6,the opportunity,0.4215,positive
A_Quiet_Place_7,No idea,-0.296,negative
A_Quiet_Place_7,original horror,0.6486,positive
A_Quiet_Place_7,tension,-0.3182,negative
A_Quiet_Place_7,the critical acclaim,-0.3182,negative
A_Quiet_Place_7,an absolute triumph,0.4767,positive
A_Quiet_Place_7,The Good,0.4404,positive
A_Quiet_Place_7,Well,0.2732,positive
A_Quiet_Place_7,The Bad,-0.5423,negative
A_Quiet_Place_7,a liability,-0.2023,negative
A_Quiet_Place_7,suck,-0.4404,negative
A_Quiet_Place_8,isolation,-0.4019,negative
A_Quiet_Place_8,danger,-0.5267,negative
A_Quiet_Place_8,original idea,0.3182,positive
A_Quiet_Place_8,Clever,0.4588,positive
A_Quiet_Place_10,good acting,0.4404,positive
A_Quiet_Place_10,a few good action,0.4404,positive
A_Quiet_Place_10,a lack,-0.3182,negative
A_Quiet_Place_10,any real comprehensive meaning,0.25,positive
A_Quiet_Place_11,a tense,-0.34,negative
A_Quiet_Place_11,original thriller,0.4019,positive
A_Quiet_Place_11,a trustworthy site,0.5574,positive
A_Quiet_Place_12,The tension,-0.3182,negative
A_Quiet_Place_12,horror,0.4588,positive
A_Quiet_Place_12,a ghost,-0.3182,negative
A_Quiet_Place_12,the feeling,0.128,positive
A_Quiet_Place_12,death,-0.5994,negative
A_Quiet_Place_12,the tension,-0.3182,negative
A_Quiet_Place_12,no pun,-0.296,negative
A_Quiet_Place_12,succeed,0.4939,positive
A_Quiet_Place_12,real horror,0.4588,positive
A_Quiet_Place_12,horror,0.4588,positive
A_Quiet_Place_12,an awesome,0.6249,positive
A_Quiet_Place_12,thrill,0.3612,positive
A_Quiet_Place_12,a thrill,0.3612,positive
A_Quiet_Place_12,certain stuff,0.2732,positive
A_Quiet_Place_12,no sense,-0.296,negative
A_Quiet_Place_12,a great time,0.6249,positive
A_Quiet_Place_12,nice,0.4215,positive
A_Quiet_Place_13,appreciation,0.5106,positive
A_Quiet_Place_13,positive critical reception,0.3182,positive
A_Quiet_Place_13,a blessing,0.4939,positive
A_Quiet_Place_13,a brilliant,0.5859,positive
A_Quiet_Place_13,lack,-0.3182,negative
A_Quiet_Place_13,a lazy,-0.3612,negative
A_Quiet_Place_13,unfair criticism,-0.7184,negative
A_Quiet_Place_13,a problem,-0.4019,negative
A_Quiet_Place_13,a problem,-0.4019,negative
A_Quiet_Place_13,confidence,0.5106,positive
A_Quiet_Place_13,great talent,0.7845,positive
A_Quiet_Place_13,unbearable tension,-0.3182,negative
A_Quiet_Place_13,a superb film,0.6249,positive
A_Quiet_Place_14,unsure,-0.25,negative
A_Quiet_Place_14,the blame,-0.34,negative
A_Quiet_Place_14,Ironic,-0.128,negative
A_Quiet_Place_14,this vicious world,-0.3612,negative
A_Quiet_Place_14,sensible risk,-0.2732,negative
A_Quiet_Place_14,a horror,0.4588,positive
A_Quiet_Place_14,thriller,0.1027,positive
A_Quiet_Place_14,eerie,-0.3612,negative
A_Quiet_Place_14,a lack,-0.3182,negative
A_Quiet_Place_14,Mars Attacks,-0.4404,negative
A_Quiet_Place_15,worst problem,-0.7783,negative
A_Quiet_Place_15,no food,-0.296,negative
A_Quiet_Place_15,no problem,-0.5994,negative
A_Quiet_Place_16,the lack,-0.3182,negative
A_Quiet_Place_16,care,0.4939,positive
A_Quiet_Place_16,a dangerous situation,-0.4767,negative
A_Quiet_Place_16,a gun,-0.34,negative
A_Quiet_Place_16,Okay,0.2263,positive
A_Quiet_Place_16,gun ownership,-0.34,negative
A_Quiet_Place_16,no one,-0.296,negative
A_Quiet_Place_16,interest,0.4588,positive
A_Quiet_Place_16,the playing,0.2023,positive
A_Quiet_Place_16,Love Call,0.6369,positive
A_Quiet_Place_16,Mars Attacks !,-0.4926,negative
A_Quiet_Place_16,terror,-0.5267,negative
A_Quiet_Place_16,a fine,0.2023,positive
A_Quiet_Place_17,violent,-0.5994,negative
A_Quiet_Place_17,intellect,0.4588,positive
A_Quiet_Place_17,gun,-0.34,negative
A_Quiet_Place_17,falling,-0.1531,negative
A_Quiet_Place_17,the damn,-0.4019,negative
A_Quiet_Place_17,drop,-0.2732,negative
A_Quiet_Place_17,a great movie,0.6249,positive
A_Quiet_Place_18,a huge disappointment,-0.25,negative
A_Quiet_Place_18,the Rotten Tomato User,-0.5106,negative
A_Quiet_Place_18,Rotten Tomato Score,-0.5106,negative
A_Quiet_Place_18,no backstory,-0.296,negative
A_Quiet_Place_18,no sense,-0.296,negative
A_Quiet_Place_18,jeopardy,-0.4767,negative
A_Quiet_Place_18,the impression,0.2263,positive
A_Quiet_Place_18,demand,-0.128,negative
A_Quiet_Place_18,problem,-0.4019,negative
A_Quiet_Place_18,Forget,-0.2263,negative
A_Quiet_Place_19,a boring,-0.3182,negative
A_Quiet_Place_19,no attention,-0.296,negative
A_Quiet_Place_19,no apparent,-0.296,negative
A_Quiet_Place_19,good,0.4404,positive
A_Quiet_Place_19,no ventilation,-0.296,negative
A_Quiet_Place_19,the ridiculous silo,-0.3612,negative
A_Quiet_Place_19,the fallen,-0.3612,negative
A_Quiet_Place_19,the solid steel,0.1531,positive
A_Quiet_Place_19,a broken water,-0.4767,negative
A_Quiet_Place_19,no explanation,-0.296,negative
A_Quiet_Place_19,the broken,-0.4767,negative
A_Quiet_Place_19,the axe,-0.1027,negative
A_Quiet_Place_19,the lazy,-0.3612,negative
A_Quiet_Place_19,harmonica,0.1531,positive
A_Quiet_Place_19,God,0.2732,positive
A_Quiet_Place_20,quite boring,-0.3804,negative
A_Quiet_Place_21,Spoiler Alert,0.296,positive
A_Quiet_Place_21,Bad,-0.5423,negative
A_Quiet_Place_21,allow,0.2263,positive
A_Quiet_Place_21,clear,0.3818,positive
A_Quiet_Place_21,the benefit,0.4588,positive
A_Quiet_Place_21,clear,0.3818,positive
A_Quiet_Place_21,clear,0.3818,positive
A_Quiet_Place_21,the top,0.2023,positive
A_Quiet_Place_21,scream,-0.4019,negative
A_Quiet_Place_21,clear,0.3818,positive
A_Quiet_Place_21,Ugh,-0.4215,negative
A_Quiet_Place_22,a straight line,0.2263,positive
A_Quiet_Place_23,a successful comedic,0.7579,positive
A_Quiet_Place_23,the high praise,0.5574,positive
A_Quiet_Place_23,the commercial success,0.5719,positive
A_Quiet_Place_23,a truly,0.4404,positive
A_Quiet_Place_23,brilliant,0.5859,positive
A_Quiet_Place_23,tension,-0.3182,negative
A_Quiet_Place_23,a dumb,-0.5106,negative
A_Quiet_Place_23,lack,-0.3182,negative
A_Quiet_Place_23,true terror,-0.1531,negative
A_Quiet_Place_23,some serious tense,-0.4019,negative
A_Quiet_Place_23,a good job,0.4404,positive
A_Quiet_Place_23,Better,0.4404,positive
A_Quiet_Place_23,this idiot,-0.5106,negative
A_Quiet_Place_23,weakness,-0.4215,negative
A_Quiet_Place_23,Wow,0.5859,positive
A_Quiet_Place_23,no one,-0.296,negative
A_Quiet_Place_23,enjoyment,0.5574,positive
A_Quiet_Place_23,actual horror,0.4588,positive
A_Quiet_Place_23,any real intelligence,0.4767,positive
A_Quiet_Place_23,good horror,0.7096,positive
A_Quiet_Place_23,a great idea,0.6249,positive
A_Quiet_Place_23,a good horror,0.7096,positive
A_Quiet_Place_24,critical smash,-0.3182,negative
A_Quiet_Place_24,horror,0.4588,positive
A_Quiet_Place_24,a horror movie,0.4588,positive
A_Quiet_Place_24,Scary,0.25,positive
A_Quiet_Place_24,good form,0.4404,positive
A_Quiet_Place_24,The superb,0.6249,positive
A_Quiet_Place_24,a superlative horror,0.4588,positive
A_Quiet_Place_24,a horror,0.4588,positive
A_Quiet_Place_24,a brave,0.5267,positive
A_Quiet_Place_24,horror,0.4588,positive
A_Quiet_Place_24,glory,0.5423,positive
A_Quiet_Place_24,rock-solid merit,0.4215,positive
A_Quiet_Place_24,a scary,0.25,positive
A_Quiet_Place_24,dread,-0.4588,negative
A_Quiet_Place_24,excel,0.4588,positive
A_Quiet_Place_24,courage,0.4939,positive
A_Quiet_Place_24,remarkable conviction,0.5574,positive
A_Quiet_Place_24,good horror,0.7096,positive
Alien_Covenant_0,perfect,0.5719,positive
Alien_Covenant_0,a sick,-0.5106,negative
Alien_Covenant_1,stupidity,-0.4404,negative
Alien_Covenant_1,a distress,-0.5267,negative
Alien_Covenant_1,safety,0.4215,positive
Alien_Covenant_1,relief,0.4767,positive
Alien_Covenant_1,a comedy,0.3612,positive
Alien_Covenant_2,loved,0.5994,positive
Alien_Covenant_2,conventional blockbuster,0.5994,positive
Alien_Covenant_2,accept,0.3818,positive
Alien_Covenant_2,impression,0.2263,positive
Alien_Covenant_2,straight forward,0.2263,positive
Alien_Covenant_2,dynamic,0.3818,positive
Alien_Covenant_2,perverse,-0.4215,negative
Alien_Covenant_2,a dumb movie,-0.5106,negative
Alien_Covenant_2,ironic religious subtext,-0.128,negative
Alien_Covenant_2,creation,0.2732,positive
Alien_Covenant_2,creation,0.2732,positive
Alien_Covenant_2,mean spirited continuation/escalation,0.3182,positive
Alien_Covenant_2,creation,0.2732,positive
Alien_Covenant_2,kind,0.5267,positive
Alien_Covenant_2,the mad,-0.4939,negative
Alien_Covenant_2,mad killer,-0.4939,negative
Alien_Covenant_2,the unworthy machine,-0.4588,negative
Alien_Covenant_2,creation,0.2732,positive
Alien_Covenant_2,a fascinating,0.5423,positive
Alien_Covenant_2,horror,0.4588,positive
Alien_Covenant_2,this perfect,0.5719,positive
Alien_Covenant_2,ultimate adversary,-0.2023,negative
Alien_Covenant_2,Lost,-0.3182,negative
Alien_Covenant_2,straight,0.2263,positive
Alien_Covenant_2,Lost,-0.3182,negative
Alien_Covenant_2,surprising aspect,0.2732,positive
Alien_Covenant_2,Heaven Paradise,0.8176,positive
Alien_Covenant_2,Paradise Lost,0.4404,positive
Alien_Covenant_2,admit,0.2023,positive
Alien_Covenant_2,conventional blockbuster,0.5994,positive
Alien_Covenant_2,a perverted version,-0.5423,negative
Alien_Covenant_2,a mad,-0.4939,negative
Alien_Covenant_2,a god,0.2732,positive
Alien_Covenant_2,madness,-0.4404,negative
Alien_Covenant_2,an angry god,-0.296,negative
Alien_Covenant_2,Heaven,0.5106,positive
Alien_Covenant_2,Favorite,0.4588,positive
Alien_Covenant_2,Favorite Low-Budget,0.4588,positive
Alien_Covenant_2,Favorite TV-Shows,0.4588,positive
Alien_Covenant_3,problem,-0.4019,negative
Alien_Covenant_3,weirdos,-0.2732,negative
Alien_Covenant_3,chance,0.25,positive
Alien_Covenant_3,risk,-0.2732,negative
Alien_Covenant_3,no breathing,-0.296,negative
Alien_Covenant_3,Good thinking,0.4404,positive
Alien_Covenant_3,no protective,-0.296,negative
Alien_Covenant_3,Yeah,0.296,positive
Alien_Covenant_3,solid,0.1531,positive
Alien_Covenant_3,Yep,0.296,positive
Alien_Covenant_3,a huge hike,0.3182,positive
Alien_Covenant_3,Sure,0.3182,positive
Alien_Covenant_3,a good sniff,0.4404,positive
Alien_Covenant_3,fine,0.2023,positive
Alien_Covenant_3,infected crewman,-0.4939,negative
Alien_Covenant_3,a comedy sound,0.3612,positive
Alien_Covenant_3,No need,-0.296,negative
Alien_Covenant_3,all fine,0.2023,positive
Alien_Covenant_3,Huge,0.3182,positive
Alien_Covenant_3,a good look,0.4404,positive
Alien_Covenant_3,a huge let-down,0.3182,positive
Alien_Covenant_3,a great job,0.6249,positive
Alien_Covenant_3,a lack,-0.3182,negative
Alien_Covenant_3,The other problem,-0.4019,negative
Alien_Covenant_3,disappointing,-0.4939,negative
Alien_Covenant_3,Please PLEASE Mr Scott,0.6523,positive
Alien_Covenant_3,a great effort,0.6249,positive
Alien_Covenant_4,poor,-0.4767,negative
Alien_Covenant_4,any kind,0.5267,positive
Alien_Covenant_4,bad writing,-0.5423,negative
Alien_Covenant_4,awful writing,-0.4588,negative
Alien_Covenant_5,God,0.2732,positive
Alien_Covenant_5,a worse movie,-0.4767,negative
Alien_Covenant_5,Rotten Tomatoes,-0.5106,negative
Alien_Covenant_5,a Fresh,0.3182,positive
Alien_Covenant_5,Any skepticism,-0.25,negative
Alien_Covenant_5,a masterful mess,-0.3612,negative
Alien_Covenant_5,The worse thing,-0.4767,negative
Alien_Covenant_5,comical nonsense,-0.4019,negative
Alien_Covenant_5,a free rock,0.5106,positive
Alien_Covenant_5,hand,0.4939,positive
Alien_Covenant_5,falling,-0.1531,negative
Alien_Covenant_5,Dumb,-0.5106,negative
Alien_Covenant_5,a fan,0.3182,positive
Alien_Covenant_5,the worse,-0.4767,negative
Alien_Covenant_5,A true crime,-0.1779,negative
Alien_Covenant_6,dumb,-0.5106,negative
Alien_Covenant_6,the only complaint,-0.296,negative
Alien_Covenant_6,no real plan,-0.296,negative
Alien_Covenant_6,no protective gear,-0.296,negative
Alien_Covenant_6,the intelligence,0.4767,positive
Alien_Covenant_6,alone,-0.25,negative
Alien_Covenant_6,no training,-0.296,negative
Alien_Covenant_6,The rampant stupidity,-0.4404,negative
Alien_Covenant_6,intelligence,0.4767,positive
Alien_Covenant_6,this stupid story,-0.5267,negative
Alien_Covenant_6,a smart,0.4019,positive
Alien_Covenant_6,the original film,0.3182,positive
Alien_Covenant_6,cute,0.4588,positive
Alien_Covenant_6,Well,0.2732,positive
Alien_Covenant_6,panicky idiot,-0.7003,negative
Alien_Covenant_7,a tense,-0.34,negative
Alien_Covenant_7,frightening masterpiece,0.7964,positive
Alien_Covenant_7,bolder,0.296,positive
Alien_Covenant_7,some fine,0.2023,positive
Alien_Covenant_7,the brilliance,0.5994,positive
Alien_Covenant_7,a good cast,0.4404,positive
Alien_Covenant_7,miss,-0.1531,negative
Alien_Covenant_7,the mistake,-0.34,negative
Alien_Covenant_7,beauty,0.5859,positive
Alien_Covenant_7,the disappointingly,-0.4404,negative
Alien_Covenant_7,fondly,0.4404,positive
Alien_Covenant_7,the original film,0.3182,positive
Alien_Covenant_7,credit,0.3818,positive
Alien_Covenant_7,good cast,0.4404,positive
Alien_Covenant_7,vulnerability,-0.2263,negative
Alien_Covenant_7,genuine tension,-0.3182,negative
Alien_Covenant_7,top,0.2023,positive
Alien_Covenant_7,the likes,0.4215,positive
Alien_Covenant_7,dull,-0.4019,negative
Alien_Covenant_7,no doubting,-0.5574,negative
Alien_Covenant_7,a disappointment,-0.5106,negative
Alien_Covenant_8,OK,0.296,positive
Alien_Covenant_8,forget,-0.2263,negative
Alien_Covenant_8,fine,0.2023,positive
Alien_Covenant_8,No need,-0.296,negative
Alien_Covenant_8,Jokes,0.25,positive
Alien_Covenant_8,Ignorant,-0.2732,negative
Alien_Covenant_9,credit,0.3818,positive
Alien_Covenant_9,credit,0.3818,positive
Alien_Covenant_9,this kind,0.5267,positive
Alien_Covenant_9,crap,-0.3818,negative
Alien_Covenant_9,crap,-0.3818,negative
Alien_Covenant_9,Ill,-0.4215,negative
Alien_Covenant_9,no need,-0.296,negative
Alien_Covenant_9,crap,-0.3818,negative
Alien_Covenant_9,crap,-0.3818,negative
Alien_Covenant_9,Please,0.3182,positive
Alien_Covenant_10,interesting character,0.4019,positive
Alien_Covenant_10,this feeling,0.128,positive
Alien_Covenant_10,a solid sci-fi film,0.1531,positive
Alien_Covenant_10,creation,0.2732,positive
Alien_Covenant_10,destruction,-0.5719,negative
Alien_Covenant_10,Yeah,0.296,positive
Alien_Covenant_10,no satisfaction,0.1779,positive
Alien_Covenant_10,no idea,-0.296,negative
Alien_Covenant_10,justice,0.5267,positive
Alien_Covenant_10,please,0.3182,positive
Alien_Covenant_11,an honest,0.5106,positive
Alien_Covenant_11,the real problem,-0.4019,negative
Alien_Covenant_12,fan,0.3182,positive
Alien_Covenant_12,easy absorbed,0.4404,positive
Alien_Covenant_12,sick,-0.5106,negative
Alien_Covenant_12,strange,-0.2023,negative
Alien_Covenant_12,this strange,-0.2023,negative
Alien_Covenant_13,a disaster,-0.6249,negative
Alien_Covenant_13,a mess,-0.3612,negative
Alien_Covenant_13,the mess,-0.3612,negative
Alien_Covenant_13,aggressive n violent,-0.6705,negative
Alien_Covenant_13,Another worst thing,-0.6249,negative
Alien_Covenant_13,anger,-0.5719,negative
Alien_Covenant_13,death,-0.5994,negative
Alien_Covenant_13,quick cut,-0.2732,negative
Alien_Covenant_13,annoying,-0.4019,negative
Alien_Covenant_13,played,0.34,positive
Alien_Covenant_13,aggressive life,-0.1531,negative
Alien_Covenant_14,the original movie,0.3182,positive
Alien_Covenant_14,original form,0.3182,positive
Alien_Covenant_14,Hate,-0.5719,negative
Alien_Covenant_14,fine,0.2023,positive
Alien_Covenant_15,the horror,0.4588,positive
Alien_Covenant_15,a major disappointment,-0.5106,negative
Alien_Covenant_15,trouble,-0.4019,negative
Alien_Covenant_15,hand,0.4939,positive
Alien_Covenant_15,a terrific movie,0.4767,positive
Alien_Covenant_15,downright boring,-0.3182,negative
Alien_Covenant_15,a tragedy,-0.6597,negative
Alien_Covenant_15,Another problem,-0.4019,negative
Alien_Covenant_15,cut,-0.2732,negative
Alien_Covenant_15,a fine performance,0.2023,positive
Alien_Covenant_15,a bloody,-0.4404,negative
Alien_Covenant_16,a huge budget,0.3182,positive
Alien_Covenant_16,a talentless,-0.3818,negative
Alien_Covenant_16,autistic nerd,-0.296,negative
Alien_Covenant_16,a fan fiction,0.3182,positive
Alien_Covenant_16,no rhythm,-0.296,negative
Alien_Covenant_16,no buildup,-0.296,negative
Alien_Covenant_16,a strong impression,0.6369,positive
Alien_Covenant_16,comedic,0.4019,positive
Alien_Covenant_16,value,0.34,positive
Alien_Covenant_16,no one,-0.296,negative
Alien_Covenant_16,better,0.4404,positive
Alien_Covenant_16,laugh time,0.5574,positive
Alien_Covenant_16,Another funny thing,0.4404,positive
Alien_Covenant_17,no one,-0.296,negative
Alien_Covenant_17,the ability,0.3182,positive
Alien_Covenant_17,crap,-0.3818,negative
Alien_Covenant_17,the same mistake,-0.34,negative
Alien_Covenant_17,fresh,0.3182,positive
Alien_Covenant_17,some damage,-0.4939,negative
Alien_Covenant_17,Okay,0.2263,positive
Alien_Covenant_17,DEFINITELY,0.4019,positive
Alien_Covenant_17,loose,-0.3182,negative
Alien_Covenant_17,endless succession,0.2023,positive
Alien_Covenant_17,masterpiece,0.6249,positive
Alien_Covenant_17,Mad Dave,-0.4939,negative
Alien_Covenant_17,Yes,0.4019,positive
Alien_Covenant_17,this theatrical cut,-0.2732,negative
Alien_Covenant_17,the comfort,0.3612,positive
Alien_Covenant_17,A huge part,0.3182,positive
Alien_Covenant_17,the darkness,-0.25,negative
Alien_Covenant_17,a bad idea,-0.5423,negative
Alien_Covenant_17,no way,-0.296,negative
Alien_Covenant_17,The original quadrilogy,0.3182,positive
Alien_Covenant_17,creative control,0.4404,positive
Alien_Covenant_18,the amazing,0.5859,positive
Alien_Covenant_18,the hard done,-0.1027,negative
Alien_Covenant_18,death,-0.5994,negative
Alien_Covenant_18,NO SH,-0.296,negative
Alien_Covenant_18,a GREAT,0.6249,positive
Alien_Covenant_18,a mess,-0.3612,negative
Alien_Covenant_18,accident,-0.4767,negative
Alien_Covenant_18,an OK,0.4466,positive
Alien_Covenant_18,A TWIN ANDROID FIST FIGHT AKIN TO X-MEN,-0.3818,negative
Alien_Covenant_19,any enjoyment,0.5574,positive
Alien_Covenant_19,good time,0.4404,positive
Alien_Covenant_19,fun,0.5106,positive
Alien_Covenant_19,a weak link,-0.4404,negative
Alien_Covenant_19,those kind,0.5267,positive
Alien_Covenant_19,a fan,0.3182,positive
Alien_Covenant_20,a beautiful movie,0.5994,positive
Alien_Covenant_20,kind,0.5267,positive
Alien_Covenant_20,horror,0.4588,positive
Alien_Covenant_20,problem,-0.4019,negative
Alien_Covenant_20,A second problem,-0.4019,negative
Alien_Covenant_20,interesting premise,0.4019,positive
Alien_Covenant_20,No new story,-0.296,negative
Alien_Covenant_20,No character,-0.296,negative
Alien_Covenant_20,a huge problem,-0.1027,negative
Alien_Covenant_20,this special historical connection,0.4019,positive
Alien_Covenant_20,annoying problem,-0.6597,negative
Alien_Covenant_20,the screaming,-0.3818,negative
Alien_Covenant_20,god,0.2732,positive
Alien_Covenant_20,trouble,-0.4019,negative
Alien_Covenant_20,this huge space,0.3182,positive
Alien_Covenant_20,WTF,-0.5859,negative
Alien_Covenant_20,an emotional mess,-0.2263,negative
Alien_Covenant_20,this kind,0.5267,positive
Alien_Covenant_20,A fourth problem,-0.4019,negative
Alien_Covenant_20,annoying problem,-0.6597,negative
Alien_Covenant_20,no understanding,-0.296,negative
Alien_Covenant_20,trauma,-0.4215,negative
Alien_Covenant_20,A fifth problem,-0.4019,negative
Alien_Covenant_20,A sixth problem,-0.4019,negative
Alien_Covenant_20,Confusing,-0.2263,negative
Alien_Covenant_21,creativity,0.3818,positive
Alien_Covenant_21,marvel,0.4215,positive
Alien_Covenant_22,Well,0.2732,positive
Alien_Covenant_22,a fight,-0.3818,negative
Alien_Covenant_22,stuck,-0.25,negative
Alien_Covenant_22,a laugh track,0.5574,positive
Alien_Covenant_23,stupid thing,-0.5267,negative
Alien_Covenant_23,no protective gear,-0.296,negative
Alien_Covenant_23,no telling,-0.296,negative
Alien_Covenant_23,kind,0.5267,positive
Alien_Covenant_23,The stupid girl,-0.5267,negative
Alien_Covenant_23,a terrible movie,-0.4767,negative
Alien_Covenant_24,an insult,-0.5106,negative
Alien_Covenant_24,a profit,0.4404,positive
Alien_Covenant_24,Hope,0.4404,positive
Alien_Covenant_24,bad cause,-0.5423,negative
Alien_Covenant_24,crash,-0.4019,negative
Alien_Covenant_24,crash,-0.4019,negative
Alien_Covenant_24,dull,-0.4019,negative
Alien_Covenant_24,a waste,-0.4215,negative
Alien_Covenant_24,talent,0.4215,positive
The_Shining_0,a masterpiece,0.6249,positive
The_Shining_0,fantastic book,0.5574,positive
The_Shining_0,a masterpiece,0.6249,positive
The_Shining_0,mental collapse,-0.4939,negative
The_Shining_0,Gorgeous camera,0.6124,positive
The_Shining_0,no wonder,-0.296,negative
The_Shining_0,a terrific,0.4767,positive
The_Shining_1,weird,-0.1779,negative
The_Shining_1,horror,0.4588,positive
The_Shining_1,a terrific film,0.4767,positive
The_Shining_1,classic vision,0.25,positive
The_Shining_1,horror tale,0.4588,positive
The_Shining_1,madness,-0.4404,negative
The_Shining_1,a Dull Boy,-0.4019,negative
The_Shining_1,argument,-0.3612,negative
The_Shining_1,isolation,-0.4019,negative
The_Shining_1,madness,-0.4404,negative
The_Shining_1,the ultimate ghost story,-0.3182,negative
The_Shining_1,Dick Hallorann,-0.5106,negative
The_Shining_1,the gift,0.4404,positive
The_Shining_1,Dick,-0.5106,negative
The_Shining_1,the better,0.4404,positive
The_Shining_1,imaginary friend,0.4939,positive
The_Shining_1,cry,-0.4767,negative
The_Shining_1,help,0.4019,positive
The_Shining_1,a dull boy,-0.4019,negative
The_Shining_1,Horrified,-0.5423,negative
The_Shining_1,an axe,-0.1027,negative
The_Shining_1,horror,0.4588,positive
The_Shining_1,that fear,0.4588,positive
The_Shining_1,mad,-0.4939,negative
The_Shining_1,a ghost woman,-0.3182,negative
The_Shining_1,horror,0.4588,positive
The_Shining_1,perfection,0.5719,positive
The_Shining_2,vision,0.25,positive
The_Shining_2,madness,-0.4404,negative
The_Shining_3,an opportunity,0.4215,positive
The_Shining_3,novel,0.3182,positive
The_Shining_3,an isolated environment,-0.3182,negative
The_Shining_3,mad,-0.4939,negative
The_Shining_3,the gift,0.4404,positive
The_Shining_3,particular danger,-0.5267,negative
The_Shining_3,the gift,0.4404,positive
The_Shining_3,no doubt,-0.5719,negative
The_Shining_3,novel,0.3182,positive
The_Shining_3,excellent,0.5719,positive
The_Shining_3,an excellent,0.5719,positive
The_Shining_3,horror,0.4588,positive
The_Shining_3,horror,0.4588,positive
The_Shining_3,gore alone,-0.25,negative
The_Shining_3,excellent,0.5719,positive
The_Shining_3,lost,-0.3182,negative
The_Shining_4,all good horror,0.7096,positive
The_Shining_4,a good idea,0.4404,positive
The_Shining_4,a horror,0.4588,positive
The_Shining_4,masterpiece,0.6249,positive
The_Shining_4,the hand,0.4939,positive
The_Shining_4,a great artist,0.6249,positive
The_Shining_4,the vision,0.25,positive
The_Shining_4,Okay,0.2263,positive
The_Shining_4,promise,0.3182,positive
The_Shining_4,gun,-0.34,negative
The_Shining_4,Horror,0.4588,positive
The_Shining_4,an assault,-0.5859,negative
The_Shining_4,the adventurous camera,0.34,positive
The_Shining_4,some kind,0.5267,positive
The_Shining_4,exploration,0.2263,positive
The_Shining_4,symmetric grandeur,0.5267,positive
The_Shining_4,harmonize,0.4019,positive
The_Shining_4,Certain,0.2732,positive
The_Shining_4,doom,-0.4019,negative
The_Shining_4,doom,-0.4019,negative
The_Shining_4,the axe,-0.1027,negative
The_Shining_4,the axe,-0.1027,negative
The_Shining_4,mad,-0.4939,negative
The_Shining_4,mad,-0.4939,negative
The_Shining_4,an exaggerated caricature,-0.1027,negative
The_Shining_4,the other hand,0.4939,positive
The_Shining_4,inspired casting,0.4939,positive
The_Shining_4,THIEVES LIKE US,-0.2023,negative
The_Shining_4,emotional distress,-0.4215,negative
The_Shining_4,the mad,-0.4939,negative
The_Shining_5,Okay,0.2263,positive
The_Shining_5,okay,0.2263,positive
The_Shining_5,the IMDb Top,0.2023,positive
The_Shining_5,a good movie,0.4404,positive
The_Shining_5,frustration,-0.4767,negative
The_Shining_5,all due respect,0.4767,positive
The_Shining_5,hand,0.4939,positive
The_Shining_5,thank,0.3612,positive
The_Shining_5,God,0.2732,positive
The_Shining_5,horror,0.4588,positive
The_Shining_5,flawless,0.5106,positive
The_Shining_5,this excellent story,0.5719,positive
The_Shining_5,significant effect,0.2023,positive
The_Shining_5,the isolation,-0.4019,negative
The_Shining_5,the evils,-0.5719,negative
The_Shining_5,the perfect,0.5719,positive
The_Shining_5,bloody past,-0.4404,negative
The_Shining_5,the emptiness,-0.4404,negative
The_Shining_5,the feeling,0.128,positive
The_Shining_5,the long empty,-0.2023,negative
The_Shining_5,a damn,-0.4019,negative
The_Shining_5,scary movie,0.25,positive
The_Shining_5,a horror,0.4588,positive
The_Shining_5,a feeling,0.128,positive
The_Shining_5,crazy,-0.34,negative
The_Shining_5,The Amityville Horror,0.4588,positive
The_Shining_5,cinematic tragedy,-0.6597,negative
The_Shining_6,a difficult review,-0.3612,negative
The_Shining_6,Ella Enchanted,0.3818,positive
The_Shining_6,fine,0.2023,positive
The_Shining_6,a tolerable horror,0.4588,positive
The_Shining_6,dread,-0.4588,negative
The_Shining_6,boring,-0.3182,negative
The_Shining_6,no suspense,-0.296,negative
The_Shining_6,scenery-chewing maniac,-0.4767,negative
The_Shining_6,the final madness,-0.4404,negative
The_Shining_6,a horror fan,0.6486,positive
The_Shining_6,opportunity,0.4215,positive
The_Shining_6,a novel,0.3182,positive
The_Shining_6,weak man,-0.4404,negative
The_Shining_6,gentle man,0.4404,positive
The_Shining_6,no contrast,-0.296,negative
The_Shining_6,worth commenting,0.2263,positive
The_Shining_6,yes,0.4019,positive
The_Shining_6,good eye,0.4404,positive
The_Shining_7,cut,-0.2732,negative
The_Shining_7,a fan,0.3182,positive
The_Shining_7,isolation,-0.4019,negative
The_Shining_7,praising,0.5423,positive
The_Shining_7,tension,-0.3182,negative
The_Shining_7,scare factor,-0.4939,negative
The_Shining_7,The vast isolation,-0.4019,negative
The_Shining_7,sinister,-0.5994,negative
The_Shining_7,gr8,0.5719,positive
The_Shining_7,madness,-0.4404,negative
The_Shining_7,Donner Party,0.4019,positive
The_Shining_7,an evilish smile,0.3612,positive
The_Shining_7,a big lol,0.4215,positive
The_Shining_8,horror,0.4588,positive
The_Shining_8,wonderful film,0.5719,positive
The_Shining_8,BEST,0.6369,positive
The_Shining_8,a fright,0.4588,positive
The_Shining_8,beauty,0.5859,positive
The_Shining_8,horror,0.4588,positive
The_Shining_8,an eerie,-0.3612,negative
The_Shining_8,manipulating,-0.3612,negative
The_Shining_8,like acting,0.3612,positive
The_Shining_8,glamour,0.5267,positive
The_Shining_8,idiot,-0.5106,negative
The_Shining_9,madness,-0.4404,negative
The_Shining_9,Certain,0.2732,positive
The_Shining_10,the horror,0.4588,positive
The_Shining_10,Well,0.2732,positive
The_Shining_10,cretinous nonsense,-0.4019,negative
The_Shining_10,a frustration,-0.4767,negative
The_Shining_10,a sneaky look,-0.2263,negative
The_Shining_10,Well,0.2732,positive
The_Shining_10,The poor man,-0.4767,negative
The_Shining_10,quiet frustration,-0.4767,negative
The_Shining_10,resentment,-0.4404,negative
The_Shining_10,frustration,-0.4767,negative
The_Shining_10,lack,-0.3182,negative
The_Shining_10,talent,0.4215,positive
The_Shining_10,annoyance,-0.3182,negative
The_Shining_10,a troubled son,-0.4588,negative
The_Shining_10,the idiot,-0.5106,negative
The_Shining_10,mindless,-0.4404,negative
The_Shining_10,retreat,0.2023,positive
The_Shining_10,no escape,-0.128,negative
The_Shining_10,the pain,-0.5106,negative
The_Shining_10,insanity,-0.5719,negative
The_Shining_10,an empty page,-0.2023,negative
The_Shining_10,an obvious lack,-0.3182,negative
The_Shining_10,affection,0.5267,positive
The_Shining_10,no fancy,-0.296,negative
The_Shining_10,willingness,0.2732,positive
The_Shining_10,frightening visual,0.4588,positive
The_Shining_10,a ghost,-0.3182,negative
The_Shining_10,a ghost,-0.3182,negative
The_Shining_10,that true horror,0.7003,positive
The_Shining_11,a masterpiece,0.6249,positive
The_Shining_11,horror,0.4588,positive
The_Shining_12,cinematic masterpiece,0.6249,positive
The_Shining_12,a good sense,0.4404,positive
The_Shining_12,many laughs,0.4939,positive
The_Shining_12,an axe,-0.1027,negative
The_Shining_12,horror,0.4588,positive
The_Shining_12,no explanation,-0.296,negative
The_Shining_12,no clue,-0.296,negative
The_Shining_12,convince,0.25,positive
The_Shining_13,terror,-0.5267,negative
The_Shining_13,frightening,0.4588,positive
The_Shining_13,the extraordinarily effective use,0.4767,positive
The_Shining_13,isolation,-0.4019,negative
The_Shining_13,tension,-0.3182,negative
The_Shining_13,a comedy,0.3612,positive
The_Shining_13,a horror,0.4588,positive
The_Shining_13,little comfort,0.2975,positive
The_Shining_13,the terror,-0.5267,negative
The_Shining_13,a truly,0.4404,positive
The_Shining_13,weakness,-0.4215,negative
The_Shining_13,a brilliant cinematic masterpiece,0.836,positive
The_Shining_13,the likes,0.4215,positive
The_Shining_14,a big fan,0.3182,positive
The_Shining_14,horror,0.4588,positive
The_Shining_14,a great story,0.6249,positive
The_Shining_14,crazy,-0.34,negative
The_Shining_14,OK,0.296,positive
The_Shining_14,block,-0.4404,negative
The_Shining_14,later violent,-0.5994,negative
The_Shining_14,the feeling,0.128,positive
The_Shining_14,isolation,-0.4019,negative
The_Shining_14,favorite,0.4588,positive
The_Shining_14,a ghost,-0.3182,negative
The_Shining_14,horror,0.4588,positive
The_Shining_14,crap,-0.3818,negative
The_Shining_14,The Blair Witch Project,-0.3612,negative
The_Shining_15,doubt,-0.3612,negative
The_Shining_15,a true classic,0.4215,positive
The_Shining_15,horror,0.4588,positive
The_Shining_15,original novel,0.5574,positive
The_Shining_15,severe warning,-0.6124,negative
The_Shining_15,same feeling,0.128,positive
The_Shining_15,strange,-0.2023,negative
The_Shining_15,block,-0.4404,negative
The_Shining_15,a sinister,-0.5994,negative
The_Shining_15,the worse,-0.4767,negative
The_Shining_15,the incredibly scary music,0.3167,positive
The_Shining_15,the excellent,0.5719,positive
The_Shining_15,The terrifying,-0.5719,negative
The_Shining_15,a horror,0.4588,positive
The_Shining_15,powerful performance,0.4215,positive
The_Shining_15,the mad,-0.4939,negative
The_Shining_15,the worrying,-0.34,negative
The_Shining_15,a kind,0.5267,positive
The_Shining_15,fear,0.4588,positive
The_Shining_15,weakness,-0.4215,negative
The_Shining_15,vulnerability,-0.2263,negative
The_Shining_15,convincing way,0.4019,positive
The_Shining_15,excellence,0.6249,positive
The_Shining_15,paranoia,-0.25,negative
The_Shining_15,terror,-0.5267,negative
The_Shining_15,brilliance,0.5994,positive
The_Shining_15,exquisite perfection,0.5719,positive
The_Shining_15,the horrifying,0.6124,positive
The_Shining_15,a perfect example,0.5719,positive
The_Shining_15,a special landmark,0.4588,positive
The_Shining_15,horror,0.4588,positive
The_Shining_15,a great deal,0.6249,positive
The_Shining_15,horror,0.4588,positive
The_Shining_15,truly,0.4404,positive
The_Shining_15,scary film,0.25,positive
The_Shining_16,no matter,-0.2732,negative
The_Shining_16,no exception,-0.296,negative
The_Shining_16,rich story,0.5574,positive
The_Shining_16,terror,-0.5267,negative
The_Shining_16,A masterpiece,0.6249,positive
The_Shining_16,hypnotic horror,0.4588,positive
The_Shining_16,the violent,-0.5994,negative
The_Shining_16,villainous turn,-0.4588,negative
The_Shining_16,beautiful lightness,0.5994,positive
The_Shining_16,a brilliant tightrope,0.5859,positive
The_Shining_16,haunting,-0.2732,negative
The_Shining_16,sadness,-0.4404,negative
The_Shining_16,compelling,0.2263,positive
The_Shining_16,beyond perfect,0.5719,positive
The_Shining_16,a directorial assuredness,0.34,positive
The_Shining_16,madness,-0.4404,negative
The_Shining_16,axe,-0.1027,negative
The_Shining_17,important thing,0.2023,positive
The_Shining_17,a horror,0.4588,positive
The_Shining_17,horrifying,0.6124,positive
The_Shining_17,a loving,0.5994,positive
The_Shining_17,total insanity,-0.5719,negative
The_Shining_17,no gradual shift,-0.296,negative
The_Shining_17,nervous wreck,-0.6124,negative
The_Shining_17,a weird little nut,-0.1779,negative
The_Shining_17,Another major problem,-0.4019,negative
The_Shining_17,no clear storyline,0.1027,positive
The_Shining_17,crazy,-0.34,negative
The_Shining_17,no scariness,-0.296,negative
The_Shining_18,madness,-0.4404,negative
The_Shining_18,no one,-0.296,negative
The_Shining_18,the crazy,-0.34,negative
The_Shining_18,nonsense,-0.4019,negative
The_Shining_18,the terror,-0.5267,negative
The_Shining_18,a modern thriller,0.1027,positive
The_Shining_18,a great script,0.6249,positive
The_Shining_19,Horror,0.4588,positive
The_Shining_19,a horror,0.4588,positive
The_Shining_19,a disturbing film,-0.5106,negative
The_Shining_19,much scary,0.25,positive
The_Shining_19,feeling,0.128,positive
The_Shining_19,a masterpiece,0.6249,positive
The_Shining_19,no error,-0.5994,negative
The_Shining_19,the creation,0.2732,positive
The_Shining_19,this masterpiece,0.6249,positive
The_Shining_19,Truly,0.4404,positive
The_Shining_19,horror,0.4588,positive
The_Shining_19,horror,0.4588,positive
The_Shining_20,cinematic fright,0.4588,positive
The_Shining_20,an intellectual thriller,0.5719,positive
The_Shining_20,the grand,0.4588,positive
The_Shining_20,vision,0.25,positive
The_Shining_20,a moody,-0.3612,negative
The_Shining_20,horror,0.4588,positive
The_Shining_20,the original shot,0.3182,positive
The_Shining_20,the typical horror,0.4588,positive
The_Shining_20,perfect,0.5719,positive
The_Shining_20,aggressor,-0.2023,negative
The_Shining_20,violent,-0.5994,negative
The_Shining_20,ass,-0.5423,negative
The_Shining_20,a perfect example,0.5719,positive
The_Shining_20,fine,0.2023,positive
The_Shining_20,proud,0.4767,positive
The_Shining_20,criticisms,-0.2263,negative
The_Shining_20,a superb film,0.6249,positive
The_Shining_20,grand,0.4588,positive
The_Shining_20,vision,0.25,positive
The_Shining_20,some terror,-0.5267,negative
The_Shining_20,the loss,-0.3182,negative
The_Shining_21,a horror movie,0.4588,positive
The_Shining_21,the novel,0.3182,positive
The_Shining_21,this masterpiece,0.6249,positive
The_Shining_21,the feeling,0.128,positive
The_Shining_21,beyond perfect,0.5719,positive
The_Shining_21,insanity,-0.5719,negative
The_Shining_21,a fantastic job,0.5574,positive
The_Shining_21,dream,0.25,positive
The_Shining_21,marvel,0.4215,positive
The_Shining_21,vibrant colour,0.5267,positive
The_Shining_21,perfect,0.5719,positive
The_Shining_21,a dream,0.25,positive
The_Shining_21,enough praise,0.5574,positive
The_Shining_22,an imaginary friend,0.4939,positive
The_Shining_22,helps,0.3818,positive
The_Shining_22,The ability,0.3182,positive
The_Shining_22,the isolation,-0.4019,negative
The_Shining_22,magnificent,0.5994,positive
The_Shining_22,a masterpiece,0.6249,positive
The_Shining_22,the horror,0.4588,positive
The_Shining_22,great movie,0.6249,positive
The_Shining_22,A true masterpiece,0.7845,positive
The_Shining_23,a huge fan,0.5574,positive
The_Shining_23,SCARY,0.25,positive
The_Shining_23,the terror,-0.5267,negative
The_Shining_23,a great director,0.6249,positive
The_Shining_23,hard snow,-0.1027,negative
The_Shining_23,an impressive piece,0.5106,positive
The_Shining_23,welcoming,0.4404,positive
The_Shining_23,imaginary friend,0.4939,positive
The_Shining_23,neat introductory,0.4588,positive
The_Shining_23,no need,-0.296,negative
The_Shining_23,disturbing exchange,-0.5106,negative
The_Shining_23,a chance,0.25,positive
The_Shining_23,the majestic fire,-0.34,negative
The_Shining_23,a good job,0.4404,positive
The_Shining_23,a magnificent,0.5994,positive
The_Shining_23,Dick Halloran,-0.5106,negative
The_Shining_23,The cut,-0.2732,negative
The_Shining_23,the warm,0.2263,positive
The_Shining_23,marvelous diversity,0.5994,positive
The_Shining_23,broken,-0.4767,negative
The_Shining_23,an attendant spirit,0.1779,positive
The_Shining_23,a spirit,0.1779,positive
The_Shining_23,a lack,-0.3182,negative
The_Shining_23,frightening,0.4588,positive
The_Shining_23,Abhorrent,-0.6249,negative
The_Shining_23,scary,0.25,positive
The_Shining_23,terror,-0.5267,negative
The_Shining_23,a certifiable insane person,-0.4019,negative
The_Shining_23,The degradation,-0.5267,negative
The_Shining_23,instant friendship,0.4404,positive
The_Shining_23,no charge,-0.296,negative
The_Shining_23,the Bartender Nice,0.4215,positive
The_Shining_23,play,0.34,positive
The_Shining_23,hand,0.4939,positive
The_Shining_23,a strong presence,0.5106,positive
The_Shining_23,Wow,0.5859,positive
The_Shining_23,a huge knife,0.3182,positive
The_Shining_23,that freaky little voice,-0.3612,negative
The_Shining_23,no meaning,-0.296,negative
The_Shining_23,final assault,-0.5859,negative
The_Shining_23,an axe,-0.1027,negative
The_Shining_23,brilliance,0.5994,positive
The_Shining_23,horror,0.4588,positive
The_Shining_23,horror,0.4588,positive
The_Shining_23,perfection,0.5719,positive
The_Shining_23,No smarm,-0.296,negative
The_Shining_23,no platitudinous whining,-0.4767,negative
The_Shining_23,idiotic ending,-0.5574,negative
The_Shining_23,perfection,0.5719,positive
The_Shining_23,the horror,0.4588,positive
The_Shining_23,good reason,0.4404,positive
The_Shining_24,the HUGE,0.4648,positive
The_Shining_24,all alone,-0.25,negative
The_Shining_24,no booze,-0.296,negative
The_Shining_24,weirdo,-0.4215,negative
The_Shining_24,scared,-0.4404,negative
The_Shining_24,exciting,0.4939,positive
The_Shining_24,GORGEOUS,0.6124,positive
The_Shining_24,the problem,-0.4019,negative
The_Shining_24,insanity,-0.5719,negative
The_Shining_24,novel,0.3182,positive
The_Shining_24,vision,0.25,positive
The_Shining_24,NO ONE,-0.296,negative
The_Shining_24,a losing battle,-0.6369,negative
The_Shining_24,tense,-0.34,negative
The_Shining_24,death,-0.5994,negative
The_Shining_24,a huge fan,0.5574,positive
The_Shining_24,respect,0.4767,positive
The_Shining_24,an awful lot,-0.4588,negative
The_Shining_24,an awful lot,-0.4588,negative
The_Shining_24,screw,-0.1027,negative
The_Shining_24,death,-0.5994,negative
